Hardware,Num of Hardware,Framework,Model,Input Length,Output Length,Image Size,Batch Size,Text Tokens,Image Tokens,Multimodal Tokens,Avg Latency,Multimodal Token Throughput,Multimodal Request Throughput
Nvidia A100 GPU,1,vLLM,llava-hf/llava-1.5-7b-hf,128,128,128,1,256,16384,16640,0.6662776547794541,24974.573108726032,1.5008757877840162
Nvidia A100 GPU,1,vLLM,llava-hf/llava-1.5-7b-hf,256,256,128,1,512,16384,16896,0.5218509556725621,32377.060569381185,1.9162559522597766
Nvidia A100 GPU,1,vLLM,llava-hf/llava-1.5-7b-hf,512,512,128,1,1024,16384,17408,0.6787352006261548,25647.704707138466,1.4733286251802886
Nvidia A100 GPU,1,vLLM,llava-hf/llava-1.5-7b-hf,1024,1024,128,1,2048,16384,18432,0.8540252273281416,21582.500621984418,1.1709255979809254
Nvidia A100 GPU,1,vLLM,llava-hf/llava-1.5-7b-hf,128,128,256,1,256,65536,65792,0.46580666831384104,141243.1475877286,2.1468134056986963
Nvidia A100 GPU,1,vLLM,llava-hf/llava-1.5-7b-hf,256,256,256,1,512,65536,66048,0.5297112793972095,124686.79178430939,1.887820854292475
Nvidia A100 GPU,1,vLLM,llava-hf/llava-1.5-7b-hf,512,512,256,1,1024,65536,66560,0.603105567706128,110362.10501779405,1.6580845104836848
Nvidia A100 GPU,1,vLLM,llava-hf/llava-1.5-7b-hf,1024,1024,256,1,2048,65536,67584,0.7590404041111469,89038.73843071944,1.3174529242234767
Nvidia A100 GPU,1,vLLM,llava-hf/llava-1.5-7b-hf,128,128,512,1,256,262144,262400,0.694415444197754,377871.7800597683,1.4400601374228974
Nvidia A100 GPU,1,vLLM,llava-hf/llava-1.5-7b-hf,256,256,512,1,512,262144,262656,0.6964664595822493,377126.55991724983,1.4358193222970344
Nvidia A100 GPU,1,vLLM,llava-hf/llava-1.5-7b-hf,512,512,512,1,1024,262144,263168,0.5572438187276324,472267.23950190697,1.794546599517825
Nvidia A100 GPU,1,vLLM,llava-hf/llava-1.5-7b-hf,1024,1024,512,1,2048,262144,264192,0.6272527274365226,421189.0812810152,1.5942537294127574
Nvidia A100 GPU,1,vLLM,llava-hf/llava-1.5-7b-hf,128,128,1024,1,256,1048576,1048832,0.5578963148097197,1879976.569405594,1.79244776037115
Nvidia A100 GPU,1,vLLM,llava-hf/llava-1.5-7b-hf,256,256,1024,1,512,1048576,1049088,0.5932851247489452,1768269.5153429518,1.685530208469596
Nvidia A100 GPU,1,vLLM,llava-hf/llava-1.5-7b-hf,512,512,1024,1,1024,1048576,1049600,0.44811779260635376,2342241.2975286935,2.2315561142613314
Nvidia A100 GPU,1,vLLM,llava-hf/llava-1.5-7b-hf,1024,1024,1024,1,2048,1048576,1050624,0.5774696807687482,1819357.8554658869,1.731692646908777
Nvidia A100 GPU,1,vLLM,llava-hf/llava-1.5-7b-hf,128,128,128,16,4096,262144,266240,1.9007240592812498,140072.93625813178,8.41784472705119
Nvidia A100 GPU,1,vLLM,llava-hf/llava-1.5-7b-hf,256,256,128,16,8192,262144,270336,1.9697487854088347,137243.89729418716,8.12286323947604
Nvidia A100 GPU,1,vLLM,llava-hf/llava-1.5-7b-hf,512,512,128,16,16384,262144,278528,4.931451236829162,56479.9258116742,3.244481032380181
Nvidia A100 GPU,1,vLLM,llava-hf/llava-1.5-7b-hf,1024,1024,128,16,32768,262144,294912,2.6197232709576688,112573.72229708509,6.107515315597064
Nvidia A100 GPU,1,vLLM,llava-hf/llava-1.5-7b-hf,128,128,256,16,4096,1048576,1052672,1.8532620773961146,568010.3277562523,8.633425458357433
Nvidia A100 GPU,1,vLLM,llava-hf/llava-1.5-7b-hf,256,256,256,16,8192,1048576,1056768,3.849928238429129,274490.31113140663,4.155921619600997
Nvidia A100 GPU,1,vLLM,llava-hf/llava-1.5-7b-hf,512,512,256,16,16384,1048576,1064960,3.7078669238835573,287216.34887710016,4.315149472312202
Nvidia A100 GPU,1,vLLM,llava-hf/llava-1.5-7b-hf,1024,1024,256,16,32768,1048576,1081344,3.06386961042881,352934.079283047,5.222154345452282
Nvidia A100 GPU,1,vLLM,llava-hf/llava-1.5-7b-hf,128,128,512,16,4096,4194304,4198400,1.8706909896185,2244304.389821326,8.552989290477614
Nvidia A100 GPU,1,vLLM,llava-hf/llava-1.5-7b-hf,256,256,512,16,8192,4194304,4202496,2.6343500753864646,1595268.6164474497,6.073604320660673
Nvidia A100 GPU,1,vLLM,llava-hf/llava-1.5-7b-hf,512,512,512,16,16384,4194304,4210688,2.137749186096092,1969682.8923553284,7.4845075858589505
Nvidia A100 GPU,1,vLLM,llava-hf/llava-1.5-7b-hf,1024,1024,512,16,32768,4194304,4227072,2.640980294905603,1600569.3068418328,6.058356448498943
Nvidia A100 GPU,1,vLLM,llava-hf/llava-1.5-7b-hf,128,128,1024,16,4096,16777216,16781312,2.5198695805544653,6659595.452677152,6.349534961440109
Nvidia A100 GPU,1,vLLM,llava-hf/llava-1.5-7b-hf,256,256,1024,16,8192,16777216,16785408,2.1923320473482213,7656416.837177162,7.298164536413687
Nvidia A100 GPU,1,vLLM,llava-hf/llava-1.5-7b-hf,512,512,1024,16,16384,16777216,16793600,2.3558932912225523,7128336.441454543,6.79147907912971
Nvidia A100 GPU,1,vLLM,llava-hf/llava-1.5-7b-hf,1024,1024,1024,16,32768,16777216,16809984,2.772763577910761,6062537.799441989,5.770416247336811
Nvidia A100 GPU,1,vLLM,llava-hf/llava-1.5-7b-hf,128,128,128,32,8192,524288,532480,2.801931875757873,190040.30919059142,11.420691658088428
Nvidia A100 GPU,1,vLLM,llava-hf/llava-1.5-7b-hf,256,256,128,32,16384,524288,540672,3.1619765060022473,170991.7828211769,10.120252297654883
Nvidia A100 GPU,1,vLLM,llava-hf/llava-1.5-7b-hf,512,512,128,32,32768,524288,557056,3.6736862159644565,151634.07195182986,8.710596964144639
Nvidia A100 GPU,1,vLLM,llava-hf/llava-1.5-7b-hf,1024,1024,128,32,65536,524288,589824,7.629501616582274,77308.32623693952,4.194245130042292
Nvidia A100 GPU,1,vLLM,llava-hf/llava-1.5-7b-hf,128,128,256,32,8192,2097152,2105344,3.165578277160724,665074.0609353463,10.108737550695317
Nvidia A100 GPU,1,vLLM,llava-hf/llava-1.5-7b-hf,256,256,256,32,16384,2097152,2113536,5.153622964086632,410106.834498433,6.209224117284898
Nvidia A100 GPU,1,vLLM,llava-hf/llava-1.5-7b-hf,512,512,256,32,32768,2097152,2129920,3.603796170093119,591021.2174805005,8.879525503012326
Nvidia A100 GPU,1,vLLM,llava-hf/llava-1.5-7b-hf,1024,1024,256,32,65536,2097152,2162688,4.6360434250285225,466494.33616698586,6.902437502470789
Nvidia A100 GPU,1,vLLM,llava-hf/llava-1.5-7b-hf,128,128,512,32,8192,8388608,8396800,2.9538865626479187,2842627.779339283,10.833185134677144
Nvidia A100 GPU,1,vLLM,llava-hf/llava-1.5-7b-hf,256,256,512,32,16384,8388608,8404992,3.2891281777992845,2555385.9702797225,9.729021877587881
Nvidia A100 GPU,1,vLLM,llava-hf/llava-1.5-7b-hf,512,512,512,32,32768,8388608,8421376,3.711436314508319,2269034.219199755,8.621998948199458
Nvidia A100 GPU,1,vLLM,llava-hf/llava-1.5-7b-hf,1024,1024,512,32,65536,8388608,8454144,4.897096958942711,1726358.3038848508,6.53448364781996
Nvidia A100 GPU,1,vLLM,llava-hf/llava-1.5-7b-hf,128,128,1024,32,8192,33554432,33562624,3.3831653855741024,9920479.839121027,9.458597601065783
Nvidia A100 GPU,1,vLLM,llava-hf/llava-1.5-7b-hf,256,256,1024,32,16384,33554432,33570816,3.5172465393940606,9544629.761945397,9.0980258681306
Nvidia A100 GPU,1,vLLM,llava-hf/llava-1.5-7b-hf,512,512,1024,32,32768,33554432,33587200,6.761133616479735,4967687.6549420385,4.732934122467643
Nvidia A100 GPU,1,vLLM,llava-hf/llava-1.5-7b-hf,1024,1024,1024,32,65536,33554432,33619968,4.882282853436966,6886116.394574036,6.554310956701956
Nvidia A100 GPU,1,vLLM,llava-hf/llava-1.5-7b-hf,128,128,128,64,16384,1048576,1064960,5.238330901910861,203301.39885044668,12.217632142454727
Nvidia A100 GPU,1,vLLM,llava-hf/llava-1.5-7b-hf,256,256,128,64,32768,1048576,1081344,6.3897465753058595,169231.1247802874,10.016046684439358
Nvidia A100 GPU,1,vLLM,llava-hf/llava-1.5-7b-hf,512,512,128,64,65536,1048576,1114112,7.962277461464207,139923.7850466872,8.037901254979735
Nvidia A100 GPU,1,vLLM,llava-hf/llava-1.5-7b-hf,1024,1024,128,64,131072,1048576,1179648,9.527745154686272,123811.8758266518,6.71722416594248
Nvidia A100 GPU,1,vLLM,llava-hf/llava-1.5-7b-hf,128,128,256,64,16384,4194304,4210688,5.10558351719131,824722.1861755752,12.535295874507161
Nvidia A100 GPU,1,vLLM,llava-hf/llava-1.5-7b-hf,256,256,256,64,32768,4194304,4227072,5.785930193029344,730577.7738370585,11.061315616476781
Nvidia A100 GPU,1,vLLM,llava-hf/llava-1.5-7b-hf,512,512,256,64,65536,4194304,4259840,11.592406385578215,367468.13891027373,5.520855452377911
Nvidia A100 GPU,1,vLLM,llava-hf/llava-1.5-7b-hf,1024,1024,256,64,131072,4194304,4325376,9.059766185159484,477426.89067243936,7.064199968519759
Nvidia A100 GPU,1,vLLM,llava-hf/llava-1.5-7b-hf,128,128,512,64,16384,16777216,16793600,5.341743935520451,3143842.1988611827,11.981105940781946
Nvidia A100 GPU,1,vLLM,llava-hf/llava-1.5-7b-hf,256,256,512,64,32768,16777216,16809984,5.9004157728826,2848949.0651245443,10.846693260860382
Nvidia A100 GPU,1,vLLM,llava-hf/llava-1.5-7b-hf,512,512,512,64,65536,16777216,16842752,12.697985112977525,1326411.3833923512,5.040169714373903
Nvidia A100 GPU,1,vLLM,llava-hf/llava-1.5-7b-hf,1024,1024,512,64,131072,16777216,16908288,9.225651294303438,1832747.3541559456,6.937179604817502
Nvidia A100 GPU,1,vLLM,llava-hf/llava-1.5-7b-hf,128,128,1024,64,16384,67108864,67125248,5.504208376941581,12195259.227685383,11.627466770355388
Nvidia A100 GPU,1,vLLM,llava-hf/llava-1.5-7b-hf,256,256,1024,64,32768,67108864,67141632,6.732283018529415,9973085.180050299,9.506433378372737
Nvidia A100 GPU,1,vLLM,llava-hf/llava-1.5-7b-hf,512,512,1024,64,65536,67108864,67174400,7.276654773391783,9231494.7035324,8.795250289188642
Nvidia A100 GPU,1,vLLM,llava-hf/llava-1.5-7b-hf,1024,1024,1024,64,131072,67108864,67239936,15.338674354056517,4383686.259185593,4.17245966129233
Nvidia A100 GPU,1,vLLM,facebook/chameleon-7b,128,128,128,1,256,16384,16640,0.3305653400020674,50338.00579303303,3.025120540446696
Nvidia A100 GPU,1,vLLM,facebook/chameleon-7b,256,256,128,1,512,16384,16896,0.320912425328667,52649.87786838021,3.1161149306569724
Nvidia A100 GPU,1,vLLM,facebook/chameleon-7b,512,512,128,1,1024,16384,17408,0.332648990675807,52331.43790586603,3.0061717547027818
Nvidia A100 GPU,1,vLLM,facebook/chameleon-7b,1024,1024,128,1,2048,16384,18432,0.3818904053575049,48265.15602753877,2.6185523018412957
Nvidia A100 GPU,1,vLLM,facebook/chameleon-7b,128,128,256,1,256,65536,65792,0.8342941736336797,78859.47436675715,1.1986179834441444
Nvidia A100 GPU,1,vLLM,facebook/chameleon-7b,256,256,256,1,512,65536,66048,0.2808005133410916,235213.24521145283,3.5612470508032463
Nvidia A100 GPU,1,vLLM,facebook/chameleon-7b,512,512,256,1,1024,65536,66560,0.3069015797227621,216877.34569540704,3.2583735831641683
Nvidia A100 GPU,1,vLLM,facebook/chameleon-7b,1024,1024,256,1,2048,65536,67584,0.34835646332552034,194008.17012212687,2.870622782346811
Nvidia A100 GPU,1,vLLM,facebook/chameleon-7b,128,128,512,1,256,262144,262400,0.2951877096590276,888925.8983820811,3.387674917614638
Nvidia A100 GPU,1,vLLM,facebook/chameleon-7b,256,256,512,1,512,262144,262656,0.32447188801597804,809487.6927737603,3.0819310915180327
Nvidia A100 GPU,1,vLLM,facebook/chameleon-7b,512,512,512,1,1024,262144,263168,0.33496378366059315,785661.0560222795,2.985397373625515
Nvidia A100 GPU,1,vLLM,facebook/chameleon-7b,1024,1024,512,1,2048,262144,264192,0.3599386543113117,733991.7423025641,2.778251204815301
Nvidia A100 GPU,1,vLLM,facebook/chameleon-7b,128,128,1024,1,256,1048576,1048832,0.2790116616524756,3759097.3573942515,3.5840795831880143
Nvidia A100 GPU,1,vLLM,facebook/chameleon-7b,256,256,1024,1,512,1048576,1049088,0.32294846632673097,3248468.747761832,3.0964692645057728
Nvidia A100 GPU,1,vLLM,facebook/chameleon-7b,512,512,1024,1,1024,1048576,1049600,0.302654885686934,3467976.397003237,3.3040933660472915
Nvidia A100 GPU,1,vLLM,facebook/chameleon-7b,1024,1024,1024,1,2048,1048576,1050624,9.94039714965038,105692.35657118108,0.10059960230413648
Nvidia A100 GPU,1,vLLM,facebook/chameleon-7b,128,128,128,16,4096,262144,266240,1.8999004606933643,140133.65726688458,8.42149382613489
Nvidia A100 GPU,1,vLLM,facebook/chameleon-7b,256,256,128,16,8192,262144,270336,1.9863435957037534,136097.29987536272,8.05500117633539
Nvidia A100 GPU,1,vLLM,facebook/chameleon-7b,512,512,128,16,16384,262144,278528,2.477517826948315,112422.198125241,6.458076638628274
Nvidia A100 GPU,1,vLLM,facebook/chameleon-7b,1024,1024,128,16,32768,262144,294912,2.6155282109975815,112754.27990414159,6.117311192716015
Nvidia A100 GPU,1,vLLM,facebook/chameleon-7b,128,128,256,16,4096,1048576,1052672,4.122974815002332,255318.5617747715,3.8806931203607045
Nvidia A100 GPU,1,vLLM,facebook/chameleon-7b,256,256,256,16,8192,1048576,1056768,2.014639209373854,524544.541316875,7.941868660926523
Nvidia A100 GPU,1,vLLM,facebook/chameleon-7b,512,512,256,16,16384,1048576,1064960,2.3886404359946027,445843.5786115137,6.698371072889328
Nvidia A100 GPU,1,vLLM,facebook/chameleon-7b,1024,1024,256,16,32768,1048576,1081344,5.948357947675201,181788.656552288,2.689817953247633
Nvidia A100 GPU,1,vLLM,facebook/chameleon-7b,128,128,512,16,4096,4194304,4198400,2.2921599266895405,1831634.8484739251,6.980315733513434
Nvidia A100 GPU,1,vLLM,facebook/chameleon-7b,256,256,512,16,8192,4194304,4202496,1.9513060990332936,2153683.628663888,8.19963613495937
Nvidia A100 GPU,1,vLLM,facebook/chameleon-7b,512,512,512,16,16384,4194304,4210688,2.19744170732641,1916177.3374744365,7.281194284542332
Nvidia A100 GPU,1,vLLM,facebook/chameleon-7b,1024,1024,512,16,32768,4194304,4227072,18.887594811967574,223801.49733631723,0.8471168594670437
Nvidia A100 GPU,1,vLLM,facebook/chameleon-7b,128,128,1024,16,4096,16777216,16781312,2.0561136540491134,8161665.561119392,7.7816710027148215
Nvidia A100 GPU,1,vLLM,facebook/chameleon-7b,256,256,1024,16,8192,16777216,16785408,2.1223319000176466,7908945.8156193355,7.538877401723531
Nvidia A100 GPU,1,vLLM,facebook/chameleon-7b,512,512,1024,16,16384,16777216,16793600,2.43343843834009,6901181.363542255,6.5750584637407155
Nvidia A100 GPU,1,vLLM,facebook/chameleon-7b,1024,1024,1024,16,32768,16777216,16809984,2.9788351070213444,5643140.152463482,5.371227149259375
Nvidia A100 GPU,1,vLLM,facebook/chameleon-7b,128,128,128,32,8192,524288,532480,4.556996239931323,116848.90045202778,7.022169498318977
Nvidia A100 GPU,1,vLLM,facebook/chameleon-7b,256,256,128,32,16384,524288,540672,3.7571183779897788,143906.03265720975,8.517165758594327
Nvidia A100 GPU,1,vLLM,facebook/chameleon-7b,512,512,128,32,32768,524288,557056,4.412386273305553,126248.23972690853,7.2523115651946535
Nvidia A100 GPU,1,vLLM,facebook/chameleon-7b,1024,1024,128,32,65536,524288,589824,5.556292723631486,106154.23436771387,5.7592358055400314
Nvidia A100 GPU,1,vLLM,facebook/chameleon-7b,128,128,256,32,8192,2097152,2105344,3.601170409975263,584627.7071943568,8.885999926957028
Nvidia A100 GPU,1,vLLM,facebook/chameleon-7b,256,256,256,32,16384,2097152,2113536,4.66113109063978,453438.4377741024,6.865286424632122
Nvidia A100 GPU,1,vLLM,facebook/chameleon-7b,512,512,256,32,32768,2097152,2129920,7.097549391289552,300092.3111030321,4.508598424023919
Nvidia A100 GPU,1,vLLM,facebook/chameleon-7b,1024,1024,256,32,65536,2097152,2162688,18.13182226999197,119275.82169053312,1.7648529487827462
Nvidia A100 GPU,1,vLLM,facebook/chameleon-7b,128,128,512,32,8192,8388608,8396800,3.816694625730937,2200018.8182181134,8.384218057233664
Nvidia A100 GPU,1,vLLM,facebook/chameleon-7b,256,256,512,32,16384,8388608,8404992,3.7210067523410544,2258795.1485742503,8.59982314728866
Nvidia A100 GPU,1,vLLM,facebook/chameleon-7b,512,512,512,32,32768,8388608,8421376,4.264941994294834,1974558.1560699258,7.503032876603257
Nvidia A100 GPU,1,vLLM,facebook/chameleon-7b,1024,1024,512,32,65536,8388608,8454144,18.089767812013935,467343.9752159428,1.7689558170419346
Nvidia A100 GPU,1,vLLM,facebook/chameleon-7b,128,128,1024,32,8192,33554432,33562624,3.859410423280982,8696308.585772945,8.291421872876633
Nvidia A100 GPU,1,vLLM,facebook/chameleon-7b,256,256,1024,32,16384,33554432,33570816,4.101268689613789,8185471.019008344,7.802463681796326
Nvidia A100 GPU,1,vLLM,facebook/chameleon-7b,512,512,1024,32,32768,33554432,33587200,4.788538838077026,7014081.1499584485,6.6826230468354115
Nvidia A100 GPU,1,vLLM,facebook/chameleon-7b,1024,1024,1024,32,65536,33554432,33619968,5.627851358304421,5973855.004253194,5.68600660583919
Nvidia A100 GPU,1,vLLM,facebook/chameleon-7b,128,128,128,64,16384,1048576,1064960,14.300502184351595,74470.11204720757,4.475367310529301
Nvidia A100 GPU,1,vLLM,facebook/chameleon-7b,256,256,128,64,32768,1048576,1081344,7.502474638012548,144131.64351415317,8.530518673896376
Nvidia A100 GPU,1,vLLM,facebook/chameleon-7b,512,512,128,64,65536,1048576,1114112,8.906838143321997,125085.01693559102,7.185490403009594
Nvidia A100 GPU,1,vLLM,facebook/chameleon-7b,1024,1024,128,64,131072,1048576,1179648,13.544532007304952,87094.0390826189,4.725154030090001
Nvidia A100 GPU,1,vLLM,facebook/chameleon-7b,128,128,256,64,16384,4194304,4210688,12.268578915274702,343209.1058857341,5.216578092864392
Nvidia A100 GPU,1,vLLM,facebook/chameleon-7b,256,256,256,64,32768,4194304,4227072,7.976501179665017,529940.6224343493,8.023568048000685
Nvidia A100 GPU,1,vLLM,facebook/chameleon-7b,512,512,256,64,65536,4194304,4259840,8.778375291304352,485265.1952827416,7.2906429579738825
Nvidia A100 GPU,1,vLLM,facebook/chameleon-7b,1024,1024,256,64,131072,4194304,4325376,15.095886588678695,286526.79487164784,4.2395655017703575
Nvidia A100 GPU,1,vLLM,facebook/chameleon-7b,128,128,512,64,16384,16777216,16793600,14.157680550318522,1186183.000832165,4.520514484878677
Nvidia A100 GPU,1,vLLM,facebook/chameleon-7b,256,256,512,64,32768,16777216,16809984,7.347015975043178,2288001.5583335124,8.711019578206903
Nvidia A100 GPU,1,vLLM,facebook/chameleon-7b,512,512,512,64,65536,16777216,16842752,8.37817381931624,2010313.0304086448,7.638896181939463
Nvidia A100 GPU,1,vLLM,facebook/chameleon-7b,1024,1024,512,64,131072,16777216,16908288,14.811211279050136,1141587.1181255847,4.321051046684172
Nvidia A100 GPU,1,vLLM,facebook/chameleon-7b,128,128,1024,64,16384,67108864,67125248,7.9189137550226105,8476572.681123782,8.081916532985055
Nvidia A100 GPU,1,vLLM,facebook/chameleon-7b,256,256,1024,64,32768,67108864,67141632,9.398636075318791,7143763.356931834,6.809498685459975
Nvidia A100 GPU,1,vLLM,facebook/chameleon-7b,512,512,1024,64,65536,67108864,67174400,9.446986796683632,7110669.406628323,6.77464691942485
Nvidia A100 GPU,1,vLLM,facebook/chameleon-7b,1024,1024,1024,64,131072,67108864,67239936,11.206599343994943,6000030.333557924,5.710920684810098
Nvidia A100 GPU,1,vLLM,meta-llama/Llama-3.2-11B-Vision-Instruct,128,128,128,1,256,16384,16640,2.6037614435578385,6390.754437650297,0.38405976187802265
Nvidia A100 GPU,1,vLLM,meta-llama/Llama-3.2-11B-Vision-Instruct,256,256,128,1,512,16384,16896,5.009068706693749,3373.0821015534157,0.19963790847262167
Nvidia A100 GPU,1,vLLM,meta-llama/Llama-3.2-11B-Vision-Instruct,512,512,128,1,1024,16384,17408,9.885323180196186,1760.994525184003,0.10116007152941192
Nvidia A100 GPU,1,vLLM,meta-llama/Llama-3.2-11B-Vision-Instruct,1024,1024,128,1,2048,16384,18432,19.64960257615894,938.0342390417468,0.05089161453134477
Nvidia A100 GPU,1,vLLM,meta-llama/Llama-3.2-11B-Vision-Instruct,2048,2048,128,1,4096,16384,20480,39.115719518624246,523.5746715651956,0.025565169510019317
Nvidia A100 GPU,1,vLLM,meta-llama/Llama-3.2-11B-Vision-Instruct,128,128,256,1,256,65536,65792,2.606369871646166,25242.771839764326,0.38367539882910273
Nvidia A100 GPU,1,vLLM,meta-llama/Llama-3.2-11B-Vision-Instruct,256,256,256,1,512,65536,66048,5.008458896229665,13187.290016440087,0.19966221560743835
Nvidia A100 GPU,1,vLLM,meta-llama/Llama-3.2-11B-Vision-Instruct,512,512,256,1,1024,65536,66560,9.88573701431354,6732.9324969527215,0.10115583679315987
Nvidia A100 GPU,1,vLLM,meta-llama/Llama-3.2-11B-Vision-Instruct,1024,1024,256,1,2048,65536,67584,19.66314305830747,3437.0903878180593,0.050856569422023844
Nvidia A100 GPU,1,vLLM,meta-llama/Llama-3.2-11B-Vision-Instruct,2048,2048,256,1,4096,65536,69632,39.10917403331647,1780.4518177929717,0.025569448210491896
Nvidia A100 GPU,1,vLLM,meta-llama/Llama-3.2-11B-Vision-Instruct,128,128,512,1,256,262144,262400,2.6098332156737647,100542.82335902365,0.38316624755725476
Nvidia A100 GPU,1,vLLM,meta-llama/Llama-3.2-11B-Vision-Instruct,256,256,512,1,512,262144,262656,5.0107530150562525,52418.46868340433,0.1995708024313335
Nvidia A100 GPU,1,vLLM,meta-llama/Llama-3.2-11B-Vision-Instruct,512,512,512,1,1024,262144,263168,9.904117940925062,26571.57372011461,0.10096810296128181
Nvidia A100 GPU,1,vLLM,meta-llama/Llama-3.2-11B-Vision-Instruct,1024,1024,512,1,2048,262144,264192,19.687341241165996,13419.384403597256,0.050794060393945524
Nvidia A100 GPU,1,vLLM,meta-llama/Llama-3.2-11B-Vision-Instruct,2048,2048,512,1,4096,262144,266240,39.152056897369526,6800.1535831923975,0.02554144224456279
Nvidia A100 GPU,1,vLLM,meta-llama/Llama-3.2-11B-Vision-Instruct,128,128,1024,1,256,1048576,1048832,2.6539805997163057,395192.03724100837,0.3767925056071977
Nvidia A100 GPU,1,vLLM,meta-llama/Llama-3.2-11B-Vision-Instruct,256,256,1024,1,512,1048576,1049088,5.074273358409603,206746.4493731589,0.1970725519433631
Nvidia A100 GPU,1,vLLM,meta-llama/Llama-3.2-11B-Vision-Instruct,512,512,1024,1,1024,1048576,1049600,10.00287793794026,104929.80185421798,0.09997122890074121
Nvidia A100 GPU,1,vLLM,meta-llama/Llama-3.2-11B-Vision-Instruct,1024,1024,1024,1,2048,1048576,1050624,19.81706855352968,53016.115736899446,0.05046155021863145
Nvidia A100 GPU,1,vLLM,meta-llama/Llama-3.2-11B-Vision-Instruct,2048,2048,1024,1,4096,1048576,1052672,39.41529040566335,26707.198885657526,0.025370864700170165
Nvidia A100 GPU,1,vLLM,meta-llama/Llama-3.2-11B-Vision-Instruct,128,128,128,16,4096,262144,266240,7.510836016697188,35447.4521089433,2.130255535393227
Nvidia A100 GPU,1,vLLM,meta-llama/Llama-3.2-11B-Vision-Instruct,256,256,128,16,8192,262144,270336,9.618588556535542,28105.578943421464,1.6634457234506075
Nvidia A100 GPU,1,vLLM,meta-llama/Llama-3.2-11B-Vision-Instruct,128,128,256,16,4096,1048576,1052672,6.606262444828947,159344.56264661104,2.4219443495654644
Nvidia A100 GPU,1,vLLM,meta-llama/Llama-3.2-11B-Vision-Instruct,256,256,256,16,8192,1048576,1056768,9.66363981179893,109355.06916449092,1.655690848541832
Nvidia A100 GPU,1,vLLM,meta-llama/Llama-3.2-11B-Vision-Instruct,128,128,512,16,4096,4194304,4198400,6.6314441214005155,633104.935085139,2.412747466025682
Nvidia A100 GPU,1,vLLM,meta-llama/Llama-3.2-11B-Vision-Instruct,256,256,512,16,8192,4194304,4202496,9.67753961806496,434252.5234570206,1.6533127872845872
Nvidia A100 GPU,1,vLLM,meta-llama/Llama-3.2-11B-Vision-Instruct,256,256,1024,16,8192,16777216,16785408,25.100929899451632,668716.580112305,0.6374265839589291
Nvidia A100 GPU,1,vLLM,meta-llama/Llama-3.2-11B-Vision-Instruct,512,512,1024,16,16384,16777216,16793600,46.551846522527434,360750.45899357006,0.3437028001082032
Nvidia A100 GPU,1,vLLM,meta-llama/Llama-3.2-11B-Vision-Instruct,1024,1024,1024,16,32768,16777216,16809984,90.18740344637384,186389.48852757862,0.17740836733938936
Nvidia A100 GPU,1,vLLM,meta-llama/Llama-3.2-11B-Vision-Instruct,128,128,128,32,8192,524288,532480,13.251177142374218,40183.59986278135,2.4148797994459947
Nvidia A100 GPU,1,vLLM,meta-llama/Llama-3.2-11B-Vision-Instruct,256,256,128,32,16384,524288,540672,19.184201794366043,28183.189782687903,1.668039168009464
Nvidia A100 GPU,1,vLLM,meta-llama/Llama-3.2-11B-Vision-Instruct,128,128,256,32,8192,2097152,2105344,13.259572970991334,158779.17068716857,2.4133507217772463
Nvidia A100 GPU,1,vLLM,meta-llama/Llama-3.2-11B-Vision-Instruct,256,256,256,32,16384,2097152,2113536,19.179045213075977,110200.27204268875,1.6684876459951663
Nvidia A100 GPU,1,vLLM,meta-llama/Llama-3.2-11B-Vision-Instruct,128,128,512,32,8192,8388608,8396800,13.267226927913725,632897.8953645137,2.4119584427001284
Nvidia A100 GPU,1,vLLM,meta-llama/Llama-3.2-11B-Vision-Instruct,256,256,512,32,16384,8388608,8404992,19.21602311482032,437394.9776068736,1.6652769310690547
Nvidia A100 GPU,1,vLLM,meta-llama/Llama-3.2-11B-Vision-Instruct,256,256,1024,32,16384,33554432,33570816,50.14023512043059,669538.46385776,0.6382100108453818
Nvidia A100 GPU,1,vLLM,meta-llama/Llama-3.2-11B-Vision-Instruct,512,512,1024,32,32768,33554432,33587200,93.39697819792976,359617.63054925576,0.3426235047153733
Nvidia A100 GPU,1,vLLM,meta-llama/Llama-3.2-11B-Vision-Instruct,1024,1024,1024,32,65536,33554432,33619968,180.04644762414196,186729.41590152198,0.17773191541552638
Nvidia A100 GPU,1,vLLM,meta-llama/Llama-3.2-11B-Vision-Instruct,128,128,128,64,16384,1048576,1064960,26.454352665692568,40256.51330267089,2.4192616167470486
Nvidia A100 GPU,1,vLLM,meta-llama/Llama-3.2-11B-Vision-Instruct,256,256,128,64,32768,1048576,1081344,38.528176749435566,28066.31642686911,1.661121947612992
Nvidia A100 GPU,1,vLLM,meta-llama/Llama-3.2-11B-Vision-Instruct,128,128,256,64,16384,4194304,4210688,26.472816408611834,159057.0468592162,2.4175742774078337
Nvidia A100 GPU,1,vLLM,meta-llama/Llama-3.2-11B-Vision-Instruct,256,256,256,64,32768,4194304,4227072,38.51710216452678,109745.3277233566,1.661599559764968
Nvidia A100 GPU,1,vLLM,meta-llama/Llama-3.2-11B-Vision-Instruct,128,128,512,64,16384,16777216,16793600,26.579334215881925,631829.2197840431,2.4078857461282133
Nvidia A100 GPU,1,vLLM,meta-llama/Llama-3.2-11B-Vision-Instruct,256,256,512,64,32768,16777216,16809984,38.55928410527607,435951.66222756426,1.6597818524136674
Nvidia A100 GPU,1,vLLM,meta-llama/Llama-3.2-11B-Vision-Instruct,256,256,1024,64,32768,67108864,67141632,100.12850523429613,670554.6222116434,0.6391786220142098
Nvidia A100 GPU,1,vLLM,meta-llama/Llama-3.2-11B-Vision-Instruct,512,512,1024,64,65536,67108864,67174400,187.02538775404295,359172.6278805583,0.34219953113620266
Nvidia A100 GPU,1,vLLM,meta-llama/Llama-3.2-11B-Vision-Instruct,1024,1024,1024,64,131072,67108864,67239936,359.9292999897152,186814.2882558362,0.17781269822109166
Nvidia A100 GPU,1,vLLM,allenai/Molmo-7B-D-0924,128,128,128,1,256,16384,16640,1.76025327326109,9453.185091468293,0.5681000655930465
Nvidia A100 GPU,1,vLLM,allenai/Molmo-7B-D-0924,256,256,128,1,512,16384,16896,2.271258123219013,7439.048792945473,0.44028461132489777
Nvidia A100 GPU,1,vLLM,allenai/Molmo-7B-D-0924,512,512,128,1,1024,16384,17408,0.6392163240040342,27233.34706309868,1.564415617135724
Nvidia A100 GPU,1,vLLM,allenai/Molmo-7B-D-0924,1024,1024,128,1,2048,16384,18432,0.7076670272896687,26046.147819820984,1.4130939572385517
Nvidia A100 GPU,1,vLLM,allenai/Molmo-7B-D-0924,128,128,256,1,256,65536,65792,1.5239422861486673,43172.238606404615,0.656192829012716
Nvidia A100 GPU,1,vLLM,allenai/Molmo-7B-D-0924,256,256,256,1,512,65536,66048,2.948003071049849,22404.31858725264,0.33921267240874275
Nvidia A100 GPU,1,vLLM,allenai/Molmo-7B-D-0924,512,512,256,1,1024,65536,66560,0.6196961946164569,107407.46930226899,1.613693949853801
Nvidia A100 GPU,1,vLLM,allenai/Molmo-7B-D-0924,1024,1024,256,1,2048,65536,67584,3.444357182520131,19621.65838751684,0.2903299358948396
Nvidia A100 GPU,1,vLLM,allenai/Molmo-7B-D-0924,128,128,512,1,256,262144,262400,0.8035351503640413,326556.96503273037,1.2445006289357103
Nvidia A100 GPU,1,vLLM,allenai/Molmo-7B-D-0924,256,256,512,1,512,262144,262656,0.5940595219532648,442137.5136558511,1.6833330045986046
Nvidia A100 GPU,1,vLLM,allenai/Molmo-7B-D-0924,512,512,512,1,1024,262144,263168,2.2219022049879036,118442.65666113452,0.45006481282349875
Nvidia A100 GPU,1,vLLM,allenai/Molmo-7B-D-0924,1024,1024,512,1,2048,262144,264192,0.6561102457344532,402664.03659687116,1.524134101702062
Nvidia A100 GPU,1,vLLM,allenai/Molmo-7B-D-0924,128,128,1024,1,256,1048576,1048832,0.9989501591771841,1049934.2638514645,1.0010509441468838
Nvidia A100 GPU,1,vLLM,allenai/Molmo-7B-D-0924,256,256,1024,1,512,1048576,1049088,1.581963508700331,663155.625417607,0.632125832549421
Nvidia A100 GPU,1,vLLM,allenai/Molmo-7B-D-0924,512,512,1024,1,1024,1048576,1049600,0.8793436534081897,1193617.5304523152,1.13721182398277
Nvidia A100 GPU,1,vLLM,allenai/Molmo-7B-D-0924,1024,1024,1024,1,2048,1048576,1050624,0.8120903732875983,1293727.9329475884,1.2313900433909644
Nvidia A100 GPU,1,vLLM,google/paligemma-3b-mix-224,128,128,128,1,256,16384,16640,0.12976142795135578,128235.33358647923,7.706450335725916
Nvidia A100 GPU,1,vLLM,google/paligemma-3b-mix-224,256,256,128,1,512,16384,16896,0.15116516159226498,111771.78539042793,6.615280858808471
Nvidia A100 GPU,1,vLLM,google/paligemma-3b-mix-224,512,512,128,1,1024,16384,17408,0.16180573186526695,107585.8055170466,6.180250776484754
Nvidia A100 GPU,1,vLLM,google/paligemma-3b-mix-224,1024,1024,128,1,2048,16384,18432,0.16745412008215985,110071.94084538802,5.971784985101347
Nvidia A100 GPU,1,vLLM,google/paligemma-3b-mix-224,128,128,256,1,256,65536,65792,0.1418915248165528,463678.1519196475,7.047637279907094
Nvidia A100 GPU,1,vLLM,google/paligemma-3b-mix-224,256,256,256,1,512,65536,66048,0.15866625184814134,416269.9958603308,6.302537485772935
Nvidia A100 GPU,1,vLLM,google/paligemma-3b-mix-224,512,512,256,1,1024,65536,66560,0.1629417467241486,408489.5451175101,6.137162636981822
Nvidia A100 GPU,1,vLLM,google/paligemma-3b-mix-224,1024,1024,256,1,2048,65536,67584,0.1418275044610103,476522.52119108156,7.05081855455554
Nvidia A100 GPU,1,vLLM,google/paligemma-3b-mix-224,128,128,512,1,256,262144,262400,0.16077885683625937,1632055.390636555,6.219723287486871
Nvidia A100 GPU,1,vLLM,google/paligemma-3b-mix-224,256,256,512,1,512,262144,262656,0.16485090367496014,1593294.2686070083,6.066087462715523
Nvidia A100 GPU,1,vLLM,google/paligemma-3b-mix-224,512,512,512,1,1024,262144,263168,0.12689293113847575,2073937.4340152168,7.8806596319279585
Nvidia A100 GPU,1,vLLM,google/paligemma-3b-mix-224,1024,1024,512,1,2048,262144,264192,0.16492439961681762,1601897.6004388612,6.063384207087502
Nvidia A100 GPU,1,vLLM,google/paligemma-3b-mix-224,128,128,1024,1,256,1048576,1048832,0.16287821469207606,6439363.311925012,6.139556489433018
Nvidia A100 GPU,1,vLLM,google/paligemma-3b-mix-224,256,256,1024,1,512,1048576,1049088,0.15313759539276361,6850623.4364548065,6.530075109480622
Nvidia A100 GPU,1,vLLM,google/paligemma-3b-mix-224,512,512,1024,1,1024,1048576,1049600,0.16701139602810144,6284601.080895064,5.987615359084474
Nvidia A100 GPU,1,vLLM,google/paligemma-3b-mix-224,1024,1024,1024,1,2048,1048576,1050624,0.15952231952299675,6586062.709855106,6.268715268121712
Nvidia A100 GPU,1,vLLM,google/paligemma-3b-mix-224,128,128,128,16,4096,262144,266240,0.49324505031108856,539772.2690416924,32.43823732221709
Nvidia A100 GPU,1,vLLM,google/paligemma-3b-mix-224,256,256,128,16,8192,262144,270336,0.8077588984742761,334674.12183340883,19.807890733511414
Nvidia A100 GPU,1,vLLM,google/paligemma-3b-mix-224,512,512,128,16,16384,262144,278528,0.3214952020595471,866351.9648682384,49.767461217155244
Nvidia A100 GPU,1,vLLM,google/paligemma-3b-mix-224,1024,1024,128,16,32768,262144,294912,0.3005007601653536,981401.8435018989,53.24445765526795
Nvidia A100 GPU,1,vLLM,google/paligemma-3b-mix-224,128,128,256,16,4096,1048576,1052672,0.4536191013952096,2320607.74504924,35.27188328443033
Nvidia A100 GPU,1,vLLM,google/paligemma-3b-mix-224,256,256,256,16,8192,1048576,1056768,0.3526184866204858,2996916.0441022827,45.37481898168427
Nvidia A100 GPU,1,vLLM,google/paligemma-3b-mix-224,512,512,256,16,16384,1048576,1064960,0.437660353568693,2433302.425765301,36.55802923325272
Nvidia A100 GPU,1,vLLM,google/paligemma-3b-mix-224,1024,1024,256,16,32768,1048576,1081344,0.3079175517583887,3511797.212678834,51.961961598585965
Nvidia A100 GPU,1,vLLM,google/paligemma-3b-mix-224,128,128,512,16,4096,4194304,4198400,0.3363898256793618,12480757.976318248,47.56386423901771
Nvidia A100 GPU,1,vLLM,google/paligemma-3b-mix-224,256,256,512,16,8192,4194304,4202496,0.33669833776851493,12481487.220436703,47.5202821197182
Nvidia A100 GPU,1,vLLM,google/paligemma-3b-mix-224,512,512,512,16,16384,4194304,4210688,0.33713256381452084,12489710.137631739,47.45907609447858
Nvidia A100 GPU,1,vLLM,google/paligemma-3b-mix-224,1024,1024,512,16,32768,4194304,4227072,0.3403355994572242,12420305.15391702,47.01241958089957
Nvidia A100 GPU,1,vLLM,google/paligemma-3b-mix-224,128,128,1024,16,4096,16777216,16781312,0.4345333284387986,38619159.68630596,36.821111184923765
Nvidia A100 GPU,1,vLLM,google/paligemma-3b-mix-224,256,256,1024,16,8192,16777216,16785408,0.6177788780381283,27170576.069717996,25.899234449081483
Nvidia A100 GPU,1,vLLM,google/paligemma-3b-mix-224,512,512,1024,16,16384,16777216,16793600,0.4390717288479209,38247964.73247021,36.44051517956384
Nvidia A100 GPU,1,vLLM,google/paligemma-3b-mix-224,1024,1024,1024,16,32768,16777216,16809984,0.4758093875522415,35329239.90103988,33.62691115093495
Nvidia A100 GPU,1,vLLM,google/paligemma-3b-mix-224,128,128,128,32,8192,524288,532480,0.6621657134965062,804149.156543137,48.326271426871216
Nvidia A100 GPU,1,vLLM,google/paligemma-3b-mix-224,256,256,128,32,16384,524288,540672,0.6103585014740626,885826.9339973731,52.42820395344301
Nvidia A100 GPU,1,vLLM,google/paligemma-3b-mix-224,512,512,128,32,32768,524288,557056,0.486719056032598,1144512.410384629,65.74634710389643
Nvidia A100 GPU,1,vLLM,google/paligemma-3b-mix-224,1024,1024,128,32,65536,524288,589824,0.4918352536236246,1199230.831166407,65.06243658671913
Nvidia A100 GPU,1,vLLM,google/paligemma-3b-mix-224,128,128,256,32,8192,2097152,2105344,0.5030007734894753,4185568.11631633,63.618192429418926
Nvidia A100 GPU,1,vLLM,google/paligemma-3b-mix-224,256,256,256,32,16384,2097152,2113536,0.5262600965797901,4016143.3742289282,60.806434323960275
Nvidia A100 GPU,1,vLLM,google/paligemma-3b-mix-224,512,512,256,32,32768,2097152,2129920,0.505617817863822,4212509.774672639,63.28890887428844
Nvidia A100 GPU,1,vLLM,google/paligemma-3b-mix-224,1024,1024,256,32,65536,2097152,2162688,0.5563860253120462,3887027.893605106,57.51402541437479
Nvidia A100 GPU,1,vLLM,google/paligemma-3b-mix-224,128,128,512,32,8192,8388608,8396800,0.7615735186263919,11025593.451758727,42.01826772773905
Nvidia A100 GPU,1,vLLM,google/paligemma-3b-mix-224,256,256,512,32,16384,8388608,8404992,0.5565473111346364,15102026.06650761,57.497358013933095
Nvidia A100 GPU,1,vLLM,google/paligemma-3b-mix-224,512,512,512,32,32768,8388608,8421376,1.5786548710117738,5334526.345586015,20.270421729032464
Nvidia A100 GPU,1,vLLM,google/paligemma-3b-mix-224,1024,1024,512,32,65536,8388608,8454144,2.6710762499521175,3165070.259657152,11.980189633513323
Nvidia A100 GPU,1,vLLM,google/paligemma-3b-mix-224,128,128,1024,32,8192,33554432,33562624,0.7850644076243043,42751427.36576784,40.76098685563354
Nvidia A100 GPU,1,vLLM,google/paligemma-3b-mix-224,256,256,1024,32,16384,33554432,33570816,1.1796757271513343,28457664.44738706,27.12609852308582
Nvidia A100 GPU,1,vLLM,google/paligemma-3b-mix-224,512,512,1024,32,32768,33554432,33587200,0.7547467869396011,44501282.52442343,42.39832557586073
Nvidia A100 GPU,1,vLLM,google/paligemma-3b-mix-224,1024,1024,1024,32,65536,33554432,33619968,0.7280737624193231,46176596.02000201,43.951590692771155
Nvidia A100 GPU,1,vLLM,google/paligemma-3b-mix-224,128,128,128,64,16384,1048576,1064960,0.8220034207527837,1295566.384656549,77.8585567702253
Nvidia A100 GPU,1,vLLM,google/paligemma-3b-mix-224,256,256,128,64,32768,1048576,1081344,0.8937907724951705,1209840.1922199784,71.60512501301956
Nvidia A100 GPU,1,vLLM,google/paligemma-3b-mix-224,512,512,128,64,65536,1048576,1114112,0.9616205925121903,1158577.5186962592,66.55431518245975
Nvidia A100 GPU,1,vLLM,google/paligemma-3b-mix-224,1024,1024,128,64,131072,1048576,1179648,0.8213021696234742,1436314.2380846373,77.92503461830715
Nvidia A100 GPU,1,vLLM,google/paligemma-3b-mix-224,128,128,256,64,16384,4194304,4210688,1.1924677916492026,3531070.633091523,53.67021268682397
Nvidia A100 GPU,1,vLLM,google/paligemma-3b-mix-224,256,256,256,64,32768,4194304,4227072,0.8357239933684468,5057976.118362327,76.58030702462341
Nvidia A100 GPU,1,vLLM,google/paligemma-3b-mix-224,512,512,256,64,65536,4194304,4259840,0.833184472595652,5112721.3001571605,76.81372145668811
Nvidia A100 GPU,1,vLLM,google/paligemma-3b-mix-224,1024,1024,256,64,131072,4194304,4325376,3.0455130509411297,1420245.4324283276,21.014521668269524
Nvidia A100 GPU,1,vLLM,google/paligemma-3b-mix-224,128,128,512,64,16384,16777216,16793600,0.9393205043549339,17878455.67316002,68.13435851051837
Nvidia A100 GPU,1,vLLM,google/paligemma-3b-mix-224,256,256,512,64,32768,16777216,16809984,1.4591536425674956,11520365.991357505,43.86104254750512
Nvidia A100 GPU,1,vLLM,google/paligemma-3b-mix-224,512,512,512,64,65536,16777216,16842752,1.2911618280534942,13044648.342331715,49.56776029886504
Nvidia A100 GPU,1,vLLM,google/paligemma-3b-mix-224,1024,1024,512,64,131072,16777216,16908288,0.9466673998783032,17860853.772057228,67.60558144098697
Nvidia A100 GPU,1,vLLM,google/paligemma-3b-mix-224,128,128,1024,64,16384,67108864,67125248,1.4135430656994383,47487232.351697475,45.27630006683385
Nvidia A100 GPU,1,vLLM,google/paligemma-3b-mix-224,256,256,1024,64,32768,67108864,67141632,1.3455539600302775,49898877.335613646,47.564053097179304
Nvidia A100 GPU,1,vLLM,google/paligemma-3b-mix-224,512,512,1024,64,65536,67108864,67174400,1.341025779955089,50091803.60593043,47.72466044772335
Nvidia A100 GPU,1,vLLM,google/paligemma-3b-mix-224,1024,1024,1024,64,131072,67108864,67239936,3.4695669024561844,19379922.01631833,18.446106329494025
Nvidia A100 GPU,1,vLLM,microsoft/Phi-3-vision-128k-instruct,128,128,256,1,256,65536,65792,0.7184676708032688,91572.66593003765,1.3918510750552902
Nvidia A100 GPU,1,vLLM,microsoft/Phi-3-vision-128k-instruct,256,256,256,1,512,65536,66048,0.39262126851826906,168223.18426421852,2.5469837733802465
Nvidia A100 GPU,1,vLLM,microsoft/Phi-3-vision-128k-instruct,512,512,256,1,1024,65536,66560,0.6061334519957503,109810.80120367068,1.6498017007763022
Nvidia A100 GPU,1,vLLM,microsoft/Phi-3-vision-128k-instruct,1024,1024,256,1,2048,65536,67584,0.48926523234695196,138133.66561079136,2.043881179136946
Nvidia A100 GPU,1,vLLM,microsoft/Phi-3-vision-128k-instruct,128,128,512,1,256,262144,262400,0.8656343029191097,303130.3162491705,1.1552222418032414
Nvidia A100 GPU,1,vLLM,microsoft/Phi-3-vision-128k-instruct,256,256,512,1,512,262144,262656,0.345323961849014,760607.513575444,2.89583148138799
Nvidia A100 GPU,1,vLLM,microsoft/Phi-3-vision-128k-instruct,512,512,512,1,1024,262144,263168,0.7111973132317265,370035.14369893726,1.4060795526011416
Nvidia A100 GPU,1,vLLM,microsoft/Phi-3-vision-128k-instruct,1024,1024,512,1,2048,262144,264192,0.7589126663903395,348119.1073758089,1.3176746736305749
Nvidia A100 GPU,1,vLLM,microsoft/Phi-3-vision-128k-instruct,128,128,1024,1,256,1048576,1048832,0.35133997071534395,2985233.925603543,2.8462460390258335
Nvidia A100 GPU,1,vLLM,microsoft/Phi-3-vision-128k-instruct,256,256,1024,1,512,1048576,1049088,0.40805739412705105,2570932.4597445237,2.450635656631783
Nvidia A100 GPU,1,vLLM,microsoft/Phi-3-vision-128k-instruct,512,512,1024,1,1024,1048576,1049600,0.593498601578176,1768496.1636118463,1.6849239363679938
Nvidia A100 GPU,1,vLLM,microsoft/Phi-3-vision-128k-instruct,1024,1024,1024,1,2048,1048576,1050624,0.3275770340114832,3207257.8078326774,3.0527170594167634
Nvidia A100 GPU,1,vLLM,microsoft/Phi-3-vision-128k-instruct,128,128,128,16,4096,262144,266240,6.505675019075473,40924.26984430519,2.4593912166048795
Nvidia A100 GPU,1,vLLM,microsoft/Phi-3-vision-128k-instruct,256,256,128,16,8192,262144,270336,5.963707512865464,45330.190894977,2.6828948209621806
Nvidia A100 GPU,1,vLLM,microsoft/Phi-3-vision-128k-instruct,512,512,128,16,16384,262144,278528,6.436492021506031,43273.261128789396,2.4858261218284348
Nvidia A100 GPU,1,vLLM,microsoft/Phi-3-vision-128k-instruct,1024,1024,128,16,32768,262144,294912,6.107619968242943,48285.911948257824,2.619678382609474
Nvidia A100 GPU,1,vLLM,microsoft/Phi-3-vision-128k-instruct,128,128,256,16,4096,1048576,1052672,4.780782111299534,220188.2402278856,3.346732736926763
Nvidia A100 GPU,1,vLLM,microsoft/Phi-3-vision-128k-instruct,256,256,256,16,8192,1048576,1056768,4.814772943966091,219484.49330811115,3.323105821646547
Nvidia A100 GPU,1,vLLM,microsoft/Phi-3-vision-128k-instruct,512,512,256,16,16384,1048576,1064960,6.17811197663347,172376.2864816688,2.5897879579577645
Nvidia A100 GPU,1,vLLM,microsoft/Phi-3-vision-128k-instruct,1024,1024,256,16,32768,1048576,1081344,6.9589158759141965,155389.7215143362,2.299208710853696
Nvidia A100 GPU,1,vLLM,microsoft/Phi-3-vision-128k-instruct,128,128,512,16,4096,4194304,4198400,6.326111350829403,663662.0456340144,2.5291998690320674
Nvidia A100 GPU,1,vLLM,microsoft/Phi-3-vision-128k-instruct,256,256,512,16,8192,4194304,4202496,4.899705048029621,857703.8737648099,3.265502687030983
Nvidia A100 GPU,1,vLLM,microsoft/Phi-3-vision-128k-instruct,512,512,512,16,16384,4194304,4210688,6.4246406912182765,655396.652104687,2.4904116461905965
Nvidia A100 GPU,1,vLLM,microsoft/Phi-3-vision-128k-instruct,1024,1024,512,16,32768,4194304,4227072,15.157377137802541,278878.85625394055,1.0555916010096467
Nvidia A100 GPU,1,vLLM,microsoft/Phi-3-vision-128k-instruct,128,128,1024,16,4096,16777216,16781312,4.716171861005326,3558248.616585147,3.392582049923293
Nvidia A100 GPU,1,vLLM,microsoft/Phi-3-vision-128k-instruct,256,256,1024,16,8192,16777216,16785408,6.592934861779213,2545969.0338075296,2.426840297293963
Nvidia A100 GPU,1,vLLM,microsoft/Phi-3-vision-128k-instruct,512,512,1024,16,16384,16777216,16793600,8.680093293388685,1934725.7491795716,1.8432981604226102
Nvidia A100 GPU,1,vLLM,microsoft/Phi-3-vision-128k-instruct,1024,1024,1024,16,32768,16777216,16809984,7.039315873446564,2388013.8783670687,2.2729481511626126
Nvidia A100 GPU,1,vLLM,microsoft/Phi-3-vision-128k-instruct,128,128,128,32,8192,524288,532480,11.952663191594183,44549.06755629752,2.677227617565957
Nvidia A100 GPU,1,vLLM,microsoft/Phi-3-vision-128k-instruct,256,256,128,32,16384,524288,540672,11.479538125606874,47098.759034037095,2.78756859813193
Nvidia A100 GPU,1,vLLM,microsoft/Phi-3-vision-128k-instruct,512,512,128,32,32768,524288,557056,16.09033778185646,34620.528639749195,1.9887711764561806
Nvidia A100 GPU,1,vLLM,microsoft/Phi-3-vision-128k-instruct,1024,1024,128,32,65536,524288,589824,15.43511151211957,38213.135003065785,2.073195258412857
Nvidia A100 GPU,1,vLLM,microsoft/Phi-3-vision-128k-instruct,128,128,256,32,8192,2097152,2105344,10.797427757022282,194985.69912919818,2.9636688218810523
Nvidia A100 GPU,1,vLLM,microsoft/Phi-3-vision-128k-instruct,256,256,256,32,16384,2097152,2113536,10.991639002847174,192285.79099554932,2.9113037638618784
Nvidia A100 GPU,1,vLLM,microsoft/Phi-3-vision-128k-instruct,512,512,256,32,32768,2097152,2129920,12.29562614733974,173225.8263610939,2.602551477780858
Nvidia A100 GPU,1,vLLM,microsoft/Phi-3-vision-128k-instruct,1024,1024,256,32,65536,2097152,2162688,30.266949074342847,71453.78262896344,1.0572588575545017
Nvidia A100 GPU,1,vLLM,microsoft/Phi-3-vision-128k-instruct,128,128,512,32,8192,8388608,8396800,12.076410604640841,695305.937740573,2.649793970047915
Nvidia A100 GPU,1,vLLM,microsoft/Phi-3-vision-128k-instruct,256,256,512,32,16384,8388608,8404992,11.286822533545395,744673.0003080716,2.835164627147568
Nvidia A100 GPU,1,vLLM,microsoft/Phi-3-vision-128k-instruct,512,512,512,32,32768,8388608,8421376,16.30717881085972,516421.3931591777,1.9623259406887528
Nvidia A100 GPU,1,vLLM,microsoft/Phi-3-vision-128k-instruct,1024,1024,512,32,65536,8388608,8454144,14.537707938502232,581532.1119232087,2.201172298643444
Nvidia A100 GPU,1,vLLM,microsoft/Phi-3-vision-128k-instruct,128,128,1024,32,8192,33554432,33562624,8.737621738575399,3841162.389969988,3.6623237944398985
Nvidia A100 GPU,1,vLLM,microsoft/Phi-3-vision-128k-instruct,256,256,1024,32,16384,33554432,33570816,13.23211781680584,2537070.517718819,2.4183581527181883
Nvidia A100 GPU,1,vLLM,microsoft/Phi-3-vision-128k-instruct,512,512,1024,32,32768,33554432,33587200,15.02406567055732,2235559.983328672,2.1299161426530797
Nvidia A100 GPU,1,vLLM,microsoft/Phi-3-vision-128k-instruct,1024,1024,1024,32,65536,33554432,33619968,15.159036258856455,2217816.9789888854,2.1109521379569527
Nvidia A100 GPU,1,vLLM,microsoft/Phi-3-vision-128k-instruct,128,128,128,64,16384,1048576,1064960,19.77879238780588,53843.52993444506,3.2357890585604006
Nvidia A100 GPU,1,vLLM,microsoft/Phi-3-vision-128k-instruct,256,256,128,64,32768,1048576,1081344,22.343164641410112,48397.08328496454,2.8644107057862533
Nvidia A100 GPU,1,vLLM,microsoft/Phi-3-vision-128k-instruct,512,512,128,64,65536,1048576,1114112,26.372253242259223,42245.61283276066,2.4267930165878133
Nvidia A100 GPU,1,vLLM,microsoft/Phi-3-vision-128k-instruct,1024,1024,128,64,131072,1048576,1179648,30.0899201122423,39204.09212120347,2.1269581228951533
Nvidia A100 GPU,1,vLLM,microsoft/Phi-3-vision-128k-instruct,128,128,256,64,16384,4194304,4210688,28.627150961197913,147087.21820439943,2.2356398681359346
Nvidia A100 GPU,1,vLLM,microsoft/Phi-3-vision-128k-instruct,256,256,256,64,32768,4194304,4227072,18.145510752685368,232954.14814236807,3.527043182872579
Nvidia A100 GPU,1,vLLM,microsoft/Phi-3-vision-128k-instruct,512,512,256,64,65536,4194304,4259840,31.542485505963366,135050.86652713662,2.0290094129677976
Nvidia A100 GPU,1,vLLM,microsoft/Phi-3-vision-128k-instruct,1024,1024,256,64,131072,4194304,4325376,31.50189937526981,137305.24462901385,2.03162352966699
Nvidia A100 GPU,1,vLLM,microsoft/Phi-3-vision-128k-instruct,128,128,512,64,16384,16777216,16793600,17.69573013453434,949019.8975868322,3.616691682876647
Nvidia A100 GPU,1,vLLM,microsoft/Phi-3-vision-128k-instruct,256,256,512,64,32768,16777216,16809984,18.320909242145717,917530.0078082391,3.493276406433659
Nvidia A100 GPU,1,vLLM,microsoft/Phi-3-vision-128k-instruct,512,512,512,64,65536,16777216,16842752,26.10154083153854,645278.0741452961,2.451962526391112
Nvidia A100 GPU,1,vLLM,microsoft/Phi-3-vision-128k-instruct,1024,1024,512,64,131072,16777216,16908288,28.85773654157917,585918.7180407579,2.2177761553747195
Nvidia A100 GPU,1,vLLM,microsoft/Phi-3-vision-128k-instruct,128,128,1024,64,16384,67108864,67125248,18.54909788972388,3618787.738307592,3.450302563525514
Nvidia A100 GPU,1,vLLM,microsoft/Phi-3-vision-128k-instruct,256,256,1024,64,32768,67108864,67141632,23.193776729827125,2894812.3792903493,2.759360872767918
Nvidia A100 GPU,1,vLLM,microsoft/Phi-3-vision-128k-instruct,512,512,1024,64,65536,67108864,67174400,29.09990905597806,2308405.839715166,2.1993195881432603
Nvidia A100 GPU,1,vLLM,microsoft/Phi-3-vision-128k-instruct,1024,1024,1024,64,131072,67108864,67239936,32.472094966719546,2070699.0438687066,1.9709230360897014
Nvidia A100 GPU,1,vLLM,Qwen/Qwen2-VL-7B-Instruct,128,128,128,1,256,16384,16640,0.36635881941765547,45419.95201985327,2.7295644242700283
Nvidia A100 GPU,1,vLLM,Qwen/Qwen2-VL-7B-Instruct,256,256,128,1,512,16384,16896,0.2412201358626286,70043.90383737297,4.14559089946573
Nvidia A100 GPU,1,vLLM,Qwen/Qwen2-VL-7B-Instruct,512,512,128,1,1024,16384,17408,0.5054677613079548,34439.38730128869,1.9783655389067492
Nvidia A100 GPU,1,vLLM,Qwen/Qwen2-VL-7B-Instruct,1024,1024,128,1,2048,16384,18432,0.42820613520840806,43044.689191641635,2.335323849372919
Nvidia A100 GPU,1,vLLM,Qwen/Qwen2-VL-7B-Instruct,128,128,256,1,256,65536,65792,0.24270444735884666,271078.6749726276,4.120237642458469
Nvidia A100 GPU,1,vLLM,Qwen/Qwen2-VL-7B-Instruct,256,256,256,1,512,65536,66048,0.32280852117886144,204604.2643446955,3.0978116573506465
Nvidia A100 GPU,1,vLLM,Qwen/Qwen2-VL-7B-Instruct,512,512,256,1,1024,65536,66560,0.7227032113199433,92098.66368026093,1.3836938653885356
Nvidia A100 GPU,1,vLLM,Qwen/Qwen2-VL-7B-Instruct,1024,1024,256,1,2048,65536,67584,0.6668153017138442,101353.40299824563,1.4996656456890038
Nvidia A100 GPU,1,vLLM,Qwen/Qwen2-VL-7B-Instruct,128,128,512,1,256,262144,262400,0.6257268755386273,419352.2929219325,1.5981413602207792
Nvidia A100 GPU,1,vLLM,Qwen/Qwen2-VL-7B-Instruct,256,256,512,1,512,262144,262656,0.44216315541416407,594025.0714783691,2.261608611561773
Nvidia A100 GPU,1,vLLM,Qwen/Qwen2-VL-7B-Instruct,512,512,512,1,1024,262144,263168,0.706480865056316,372505.4888486215,1.4154665037110192
Nvidia A100 GPU,1,vLLM,Qwen/Qwen2-VL-7B-Instruct,1024,1024,512,1,2048,262144,264192,0.43185866934557754,611755.694056916,2.3155723642537094
Nvidia A100 GPU,1,vLLM,Qwen/Qwen2-VL-7B-Instruct,128,128,1024,1,256,1048576,1048832,0.973927601861457,1076909.6162747405,1.026770365773299
Nvidia A100 GPU,1,vLLM,Qwen/Qwen2-VL-7B-Instruct,256,256,1024,1,512,1048576,1049088,0.8125887047499418,1291044.2809106437,1.2306348761120551
Nvidia A100 GPU,1,vLLM,Qwen/Qwen2-VL-7B-Instruct,512,512,1024,1,1024,1048576,1049600,1.0196785150716703,1029344.0378374811,0.9807012555616246
Nvidia A100 GPU,1,vLLM,Qwen/Qwen2-VL-7B-Instruct,1024,1024,1024,1,2048,1048576,1050624,0.6362584885209799,1651253.4118676153,1.5716882651334971
Nvidia A100 GPU,1,vLLM,Qwen/Qwen2-VL-7B-Instruct,128,128,128,16,4096,262144,266240,1.35742130347838,196136.60056591302,11.787055322470733
Nvidia A100 GPU,1,vLLM,Qwen/Qwen2-VL-7B-Instruct,256,256,128,16,8192,262144,270336,1.1993564733614523,225400.87622350152,13.340487465879587
Nvidia A100 GPU,1,vLLM,Qwen/Qwen2-VL-7B-Instruct,512,512,128,16,16384,262144,278528,2.739671147428453,101664.75646591223,5.8401169844848475
Nvidia A100 GPU,1,vLLM,Qwen/Qwen2-VL-7B-Instruct,1024,1024,128,16,32768,262144,294912,3.183145542939504,92647.9785550933,5.026474530983794
Nvidia A100 GPU,1,vLLM,Qwen/Qwen2-VL-7B-Instruct,128,128,256,16,4096,1048576,1052672,1.519695967125396,692685.9205866011,10.528421701522998
Nvidia A100 GPU,1,vLLM,Qwen/Qwen2-VL-7B-Instruct,256,256,256,16,8192,1048576,1056768,2.868335067294538,368425.57623393746,5.57814886497604
Nvidia A100 GPU,1,vLLM,Qwen/Qwen2-VL-7B-Instruct,512,512,256,16,16384,1048576,1064960,3.067172215630611,347212.3262504985,5.21653134390773
Nvidia A100 GPU,1,vLLM,Qwen/Qwen2-VL-7B-Instruct,1024,1024,256,16,32768,1048576,1081344,3.218437178991735,335984.18731253943,4.971356938218208
Nvidia A100 GPU,1,vLLM,Qwen/Qwen2-VL-7B-Instruct,128,128,512,16,4096,4194304,4198400,3.0524966660887003,1375398.7175945377,5.241610966442598
Nvidia A100 GPU,1,vLLM,Qwen/Qwen2-VL-7B-Instruct,256,256,512,16,8192,4194304,4202496,3.3360279261445007,1259730.4618060826,4.796122920497086
Nvidia A100 GPU,1,vLLM,Qwen/Qwen2-VL-7B-Instruct,512,512,512,16,16384,4194304,4210688,3.370071535309156,1249435.792648161,4.747673701392878
Nvidia A100 GPU,1,vLLM,Qwen/Qwen2-VL-7B-Instruct,1024,1024,512,16,32768,4194304,4227072,3.4903806898122034,1211063.3124742142,4.584027194139922
Nvidia A100 GPU,1,vLLM,Qwen/Qwen2-VL-7B-Instruct,128,128,1024,16,4096,16777216,16781312,6.259513600418965,2680929.073926253,2.5561091518243653
Nvidia A100 GPU,1,vLLM,Qwen/Qwen2-VL-7B-Instruct,256,256,1024,16,8192,16777216,16785408,6.843729480480154,2452669.7099696496,2.337906553091494
Nvidia A100 GPU,1,vLLM,Qwen/Qwen2-VL-7B-Instruct,512,512,1024,16,16384,16777216,16793600,8.297393349309763,2023960.9348394955,1.928316439443117
Nvidia A100 GPU,1,vLLM,Qwen/Qwen2-VL-7B-Instruct,1024,1024,1024,16,32768,16777216,16809984,6.952526048757136,2417823.9509084653,2.301321834365544
Nvidia A100 GPU,1,vLLM,Qwen/Qwen2-VL-7B-Instruct,128,128,128,32,8192,524288,532480,2.125772018916905,250487.82054780368,15.053354600228586
Nvidia A100 GPU,1,vLLM,Qwen/Qwen2-VL-7B-Instruct,256,256,128,32,16384,524288,540672,2.274271613607804,237734.13727936475,14.070438996174524
Nvidia A100 GPU,1,vLLM,Qwen/Qwen2-VL-7B-Instruct,512,512,128,32,32768,524288,557056,5.84870314070334,95244.36214299138,5.471298376780295
Nvidia A100 GPU,1,vLLM,Qwen/Qwen2-VL-7B-Instruct,1024,1024,128,32,65536,524288,589824,6.790338380883138,86862.23968757337,4.712578108049771
Nvidia A100 GPU,1,vLLM,Qwen/Qwen2-VL-7B-Instruct,128,128,256,32,8192,2097152,2105344,3.6429366525262594,577924.9547312363,8.78412200162993
Nvidia A100 GPU,1,vLLM,Qwen/Qwen2-VL-7B-Instruct,256,256,256,32,16384,2097152,2113536,3.4009928731247783,621446.7594747167,9.409017070535318
Nvidia A100 GPU,1,vLLM,Qwen/Qwen2-VL-7B-Instruct,512,512,256,32,32768,2097152,2129920,5.977878374047577,356300.3237481138,5.3530697678502674
Nvidia A100 GPU,1,vLLM,Qwen/Qwen2-VL-7B-Instruct,1024,1024,256,32,65536,2097152,2162688,6.86276441005369,315133.65034529584,4.662844021444363
Nvidia A100 GPU,1,vLLM,Qwen/Qwen2-VL-7B-Instruct,128,128,512,32,8192,8388608,8396800,6.1628484049191075,1362486.8645637594,5.192404209465546
Nvidia A100 GPU,1,vLLM,Qwen/Qwen2-VL-7B-Instruct,256,256,512,32,16384,8388608,8404992,7.060902396837871,1190356.6325692395,4.531998631553209
Nvidia A100 GPU,1,vLLM,Qwen/Qwen2-VL-7B-Instruct,512,512,512,32,32768,8388608,8421376,7.123570146349569,1182184.7510430545,4.492129556188649
Nvidia A100 GPU,1,vLLM,Qwen/Qwen2-VL-7B-Instruct,1024,1024,512,32,65536,8388608,8454144,7.587046659551561,1114286.5438104067,4.2177149338753885
Nvidia A100 GPU,1,vLLM,Qwen/Qwen2-VL-7B-Instruct,128,128,1024,32,8192,33554432,33562624,12.410821897909045,2704303.0893590194,2.578394909155155
Nvidia A100 GPU,1,vLLM,Qwen/Qwen2-VL-7B-Instruct,256,256,1024,32,16384,33554432,33570816,13.279768212077519,2527967.0144745773,2.409680612564987
Nvidia A100 GPU,1,vLLM,Qwen/Qwen2-VL-7B-Instruct,512,512,1024,32,32768,33554432,33587200,13.775603426309923,2438165.4262674297,2.3229472430139384
Nvidia A100 GPU,1,vLLM,Qwen/Qwen2-VL-7B-Instruct,1024,1024,1024,32,65536,33554432,33619968,13.960286553638676,2408257.7295834324,2.292216558524679
Nvidia A100 GPU,1,vLLM,Qwen/Qwen2-VL-7B-Instruct,128,128,128,64,16384,1048576,1064960,5.96743626644214,178461.8976140222,10.724873654688833
Nvidia A100 GPU,1,vLLM,Qwen/Qwen2-VL-7B-Instruct,256,256,128,64,32768,1048576,1081344,4.800567000483473,225253.3919203911,13.33175851801557
Nvidia A100 GPU,1,vLLM,Qwen/Qwen2-VL-7B-Instruct,512,512,128,64,65536,1048576,1114112,10.021195797560116,111175.55454522258,6.386463381504054
Nvidia A100 GPU,1,vLLM,Qwen/Qwen2-VL-7B-Instruct,1024,1024,128,64,131072,1048576,1179648,12.438685491681099,94837.03087347452,5.145238220132081
Nvidia A100 GPU,1,vLLM,Qwen/Qwen2-VL-7B-Instruct,128,128,256,64,16384,4194304,4210688,4.173291198288401,1008960.9854512278,15.335618091123964
Nvidia A100 GPU,1,vLLM,Qwen/Qwen2-VL-7B-Instruct,256,256,256,64,32768,4194304,4227072,9.964937264410159,424194.5421068547,6.422519108933725
Nvidia A100 GPU,1,vLLM,Qwen/Qwen2-VL-7B-Instruct,512,512,256,64,65536,4194304,4259840,12.078609850568077,352676.3470880428,5.298623003125643
Nvidia A100 GPU,1,vLLM,Qwen/Qwen2-VL-7B-Instruct,1024,1024,256,64,131072,4194304,4325376,12.229231817026934,353691.55354285764,5.233362238737832
Nvidia A100 GPU,1,vLLM,Qwen/Qwen2-VL-7B-Instruct,128,128,512,64,16384,16777216,16793600,13.243897053723535,1268025.5616513165,4.832414488000444
Nvidia A100 GPU,1,vLLM,Qwen/Qwen2-VL-7B-Instruct,256,256,512,64,32768,16777216,16809984,11.080662290876111,1517055.8905889092,5.775828043482384
Nvidia A100 GPU,1,vLLM,Qwen/Qwen2-VL-7B-Instruct,512,512,512,64,65536,16777216,16842752,15.044125535835823,1119556.7306241738,4.25415221692673
Nvidia A100 GPU,1,vLLM,Qwen/Qwen2-VL-7B-Instruct,1024,1024,512,64,131072,16777216,16908288,16.81803667638451,1005366.341229486,3.8054382465384498
Nvidia A100 GPU,1,vLLM,Qwen/Qwen2-VL-7B-Instruct,128,128,1024,64,16384,67108864,67125248,24.915229928369325,2694145.235383476,2.5687099891912872
Nvidia A100 GPU,1,vLLM,Qwen/Qwen2-VL-7B-Instruct,256,256,1024,64,32768,67108864,67141632,26.736146066648264,2511268.147347353,2.393763104093606
Nvidia A100 GPU,1,vLLM,Qwen/Qwen2-VL-7B-Instruct,512,512,1024,64,65536,67108864,67174400,27.23744340054691,2466252.027113939,2.349706580710689
Nvidia A100 GPU,1,vLLM,Qwen/Qwen2-VL-7B-Instruct,1024,1024,1024,64,131072,67108864,67239936,24.103087859228253,2789681.4048352777,2.655261449229484
